Entity,Code,Year,"GDP, PPP (constant 2017 international $)"
Afghanistan,AFG,2021,60801742189
Albania,ALB,2021,41039120680
Algeria,DZA,2021,4.87245E+11
Angola,AGO,2021,2.03981E+11
Antigua and Barbuda,ATG,2021,1911097864
Argentina,ARG,2021,9.8946E+11
Armenia,ARM,2021,39650096525
Aruba,ABW,2021,3977400760
Australia,AUS,2021,1.27423E+12
Austria,AUT,2021,4.81977E+11
Azerbaijan,AZE,2021,1.46327E+11
Bahamas,BHS,2021,12426074472
Bahrain,BHR,2021,72803356661
Bangladesh,BGD,2021,1.00107E+12
Barbados,BRB,2021,3900030922
Belarus,BLR,2021,1.84867E+11
Belgium,BEL,2021,6.04509E+11
Belize,BLZ,2021,3531017553
Benin,BEN,2021,43169862200
Bermuda,BMU,2021,5009968693
Bhutan,BTN,2021,9015481276
Bolivia,BOL,2021,97271156545
Bosnia and Herzegovina,BIH,2021,51985608420
Botswana,BWA,2021,38585357240
Brazil,BRA,2021,3.15822E+12
Brunei,BRN,2021,26778952888
Bulgaria,BGR,2021,1.67722E+11
Burkina Faso,BFA,2021,48093149411
Burundi,BDI,2021,8962403403
Cambodia,KHM,2021,72237982362
Cameroon,CMR,2021,1.00346E+11
Canada,CAN,2021,1.84849E+12
Cape Verde,CPV,2021,3737289323
Cayman Islands,CYM,2021,4728683920
Central African Republic,CAF,2021,4574148010
Chad,TCD,2021,24489625095
Chile,CHL,2021,4.95375E+11
China,CHN,2021,2.4939E+13
Colombia,COL,2021,7.55295E+11
Comoros,COM,2021,2652638379
Congo,COG,2021,21594058463
Costa Rica,CRI,2021,1.09368E+11
Cote d'Ivoire,CIV,2021,1.46087E+11
Croatia,HRV,2021,1.24363E+11
Curacao,CUW,2021,3213597516
Cyprus,CYP,2021,39090997908
Czechia,CZE,2021,4.28052E+11
Democratic Republic of Congo,COD,2021,1.02956E+11
Denmark,DNK,2021,3.44393E+11
Djibouti,DJI,2021,5422969268
Dominica,DMA,2021,789248404
Dominican Republic,DOM,2021,2.07082E+11
East Asia and Pacific (WB),,2021,4.41928E+13
East Timor,TLS,2021,6656128526
Ecuador,ECU,2021,1.8988E+11
Egypt,EGY,2021,1.33086E+12
El Salvador,SLV,2021,58028292092
Equatorial Guinea,GNQ,2021,24076665403
Estonia,EST,2021,51530620772
Eswatini,SWZ,2021,10833810502
Ethiopia,ETH,2021,2.78956E+11
Europe and Central Asia (WB),,2021,3.2956E+13
European Union (27),,2021,1.98594E+13
Fiji,FJI,2021,9597051738
Finland,FIN,2021,2.69376E+11
France,FRA,2021,3.04543E+12
Gabon,GAB,2021,32360968173
Gambia,GMB,2021,5481960954
Georgia,GEO,2021,57433978362
Germany,DEU,2021,4.44231E+12
Ghana,GHA,2021,1.77981E+11
Greece,GRC,2021,3.13175E+11
Grenada,GRD,2021,1705698777
Guatemala,GTM,2021,1.52744E+11
Guinea,GIN,2021,35728889399
Guinea-Bissau,GNB,2021,3773969878
Guyana,GUY,2021,17640310213
Haiti,HTI,2021,32982467647
High-income countries,,2021,6.25329E+13
Honduras,HND,2021,57272757483
Hong Kong,HKG,2021,4.45064E+11
Hungary,HUN,2021,3.26095E+11
Iceland,ISL,2021,19794205101
India,IND,2021,9.39856E+12
Indonesia,IDN,2021,3.24656E+12
Iran,IRN,2021,1.31926E+12
Iraq,IRQ,2021,3.82511E+11
Ireland,IRL,2021,5.26831E+11
Israel,ISR,2021,3.97152E+11
Italy,ITA,2021,2.51686E+12
Jamaica,JAM,2021,27160550872
Japan,JPN,2021,5.18546E+12
Jordan,JOR,2021,1.04571E+11
Kazakhstan,KAZ,2021,4.96126E+11
Kenya,KEN,2021,2.51545E+11
Kiribati,KIR,2021,258777321
Kosovo,OWID_KOS,2021,21225599532
Kuwait,KWT,2021,1.93719E+11
Kyrgyzstan,KGZ,2021,33257977894
Laos,LAO,2021,58264236819
Latin America and Caribbean (WB),,2021,1.04515E+13
Latvia,LVA,2021,59990555366
Lebanon,LBN,2021,72631011301
Lesotho,LSO,2021,5108871929
Liberia,LBR,2021,7391423318
Libya,LBY,2021,1.3655E+11
Lithuania,LTU,2021,1.10444E+11
Low-income countries,,2021,1.31697E+12
Lower-middle-income countries,,2021,2.16764E+13
Luxembourg,LUX,2021,75853986129
Macao,MAC,2021,45879704329
Madagascar,MDG,2021,42863874633
Malawi,MWI,2021,29658264335
Malaysia,MYS,2021,8.86596E+11
Maldives,MDV,2021,9781375445
Mali,MLI,2021,46452217362
Malta,MLT,2021,24163239496
Marshall Islands,MHL,2021,251292067
Mauritania,MRT,2021,23731494063
Mauritius,MUS,2021,26485649797
Mexico,MEX,2021,2.48567E+12
Micronesia (country),FSM,2021,375698015
Middle East and North Africa (WB),,2021,7.81133E+12
Middle-income countries,,2021,7.0657E+13
Moldova,MDA,2021,35572808855
Mongolia,MNG,2021,39063361320
Montenegro,MNE,2021,12824191128
Morocco,MAR,2021,3.03621E+11
Mozambique,MOZ,2021,39514594716
Myanmar,MMR,2021,2.2132E+11
Namibia,NAM,2021,23299105568
Nauru,NRU,2021,137491161
Nepal,NPL,2021,1.15745E+11
Netherlands,NLD,2021,1.00525E+12
New Zealand,NZL,2021,2.25116E+11
Nicaragua,NIC,2021,38993513905
Niger,NER,2021,29963112514
Nigeria,NGA,2021,1.0505E+12
North America (WB),,2021,2.29826E+13
North Macedonia,MKD,2021,34504791443
Norway,NOR,2021,3.56492E+11
Oman,OMN,2021,1.55028E+11
Pakistan,PAK,2021,1.21103E+12
Palau,PLW,2021,254366726
Palestine,PSE,2021,27769445681
Panama,PAN,2021,1.32352E+11
Papua New Guinea,PNG,2021,36195190585
Paraguay,PRY,2021,91683770989
Peru,PER,2021,4.22584E+11
Philippines,PHL,2021,9.21927E+11
Poland,POL,2021,1.31904E+12
Portugal,PRT,2021,3.48535E+11
Puerto Rico,PRI,2021,1.06908E+11
Qatar,QAT,2021,2.49725E+11
Romania,ROU,2021,5.91757E+11
Russia,RUS,2021,4.11247E+12
Rwanda,RWA,2021,30121160264
Saint Kitts and Nevis,KNA,2021,1259677414
Saint Lucia,LCA,2021,2343720722
Saint Vincent and the Grenadines,VCT,2021,1443898963
Samoa,WSM,2021,1210763750
San Marino,SMR,2021,2078996115
Sao Tome and Principe,STP,2021,781417818
Saudi Arabia,SAU,2021,1.68134E+12
Senegal,SEN,2021,59264921542
Serbia,SRB,2021,1.35732E+11
Seychelles,SYC,2021,2772114434
Sierra Leone,SLE,2021,13598154894
Singapore,SGP,2021,5.87573E+11
Sint Maarten (Dutch part),SXM,2021,1636767038
Slovakia,SVK,2021,1.77105E+11
Slovenia,SVN,2021,84543157561
Solomon Islands,SLB,2021,1696947358
Somalia,SOM,2021,24885505704
South Africa,ZAF,2021,7.92161E+11
South Asia (WB),,2021,1.20996E+13
South Korea,KOR,2021,2.29229E+12
Spain,ESP,2021,1.81694E+12
Sri Lanka,LKA,2021,2.93581E+11
Sub-Saharan Africa (WB),,2021,4.40124E+12
Sudan,SDN,2021,1.6898E+11
Suriname,SUR,2021,9079067895
Sweden,SWE,2021,5.64124E+11
Switzerland,CHE,2021,6.18413E+11
Tajikistan,TJK,2021,38127261766
Tanzania,TZA,2021,1.59334E+11
Thailand,THA,2021,1.22346E+12
Togo,TGO,2021,18420910963
Tonga,TON,2021,651258565
Trinidad and Tobago,TTO,2021,35145563473
Tunisia,TUN,2021,1.27485E+11
Turkey,TUR,2021,2.66933E+12
Turkmenistan,TKM,2021,93205124313
Turks and Caicos Islands,TCA,2021,891612551
Tuvalu,TUV,2021,51587720
Uganda,UGA,2021,1.03007E+11
Ukraine,UKR,2021,5.35815E+11
United Arab Emirates,ARE,2021,6.55823E+11
United Kingdom,GBR,2021,3.05423E+12
United States,USA,2021,2.11291E+13
Upper-middle-income countries,,2021,4.89549E+13
Uruguay,URY,2021,79685407343
Uzbekistan,UZB,2021,2.72355E+11
Vanuatu,VUT,2021,893741210
Vietnam,VNM,2021,1.03591E+12
World,OWID_WRL,2021,1.34822E+14
Zambia,ZMB,2021,64016350789
Zimbabwe,ZWE,2021,33828615209