Entity,Code,Year,Population (historical)
Afghanistan,AFG,2019,37856126
Afghanistan,AFG,2020,39068978
Afghanistan,AFG,2021,40000411
Afghanistan,AFG,2022,40578846
Afghanistan,AFG,2023,41454762
Africa,,2019,1348005687
Africa,,2020,1380821355
Africa,,2021,1413753270
Africa,,2022,1446883817
Africa,,2023,1480770740
Africa (UN),,2019,1348005491
Africa (UN),,2020,1380821159
Africa (UN),,2021,1413753053
Africa (UN),,2022,1446883651
Africa (UN),,2023,1480770527
Albania,ALB,2019,2885012
Albania,ALB,2020,2871951
Albania,ALB,2021,2849643
Albania,ALB,2022,2827615
Albania,ALB,2023,2811660
Algeria,DZA,2019,43294550
Algeria,DZA,2020,44042093
Algeria,DZA,2021,44761101
Algeria,DZA,2022,45477391
Algeria,DZA,2023,46164221
American Samoa,ASM,2019,50230
American Samoa,ASM,2020,49779
American Samoa,ASM,2021,49248
American Samoa,ASM,2022,48365
American Samoa,ASM,2023,47543
Americas (UN),,2019,1017894602
Americas (UN),,2020,1024463737
Americas (UN),,2021,1029207261
Americas (UN),,2022,1034848562
Americas (UN),,2023,1041794259
Andorra,AND,2019,76491
Andorra,AND,2020,77398
Andorra,AND,2021,78375
Andorra,AND,2022,79722
Andorra,AND,2023,80868
Angola,AGO,2019,32375632
Angola,AGO,2020,33451140
Angola,AGO,2021,34532427
Angola,AGO,2022,35635028
Angola,AGO,2023,36749907
Anguilla,AIA,2019,14845
Anguilla,AIA,2020,14864
Anguilla,AIA,2021,14503
Anguilla,AIA,2022,14202
Anguilla,AIA,2023,14435
Antigua and Barbuda,ATG,2019,91377
Antigua and Barbuda,ATG,2020,91864
Antigua and Barbuda,ATG,2021,92358
Antigua and Barbuda,ATG,2022,92851
Antigua and Barbuda,ATG,2023,93333
Argentina,ARG,2019,44973468
Argentina,ARG,2020,45191960
Argentina,ARG,2021,45312283
Argentina,ARG,2022,45407904
Argentina,ARG,2023,45538402
Armenia,ARM,2019,2903975
Armenia,ARM,2020,2890894
Armenia,ARM,2021,2870339
Armenia,ARM,2022,2880883
Armenia,ARM,2023,2943395
Aruba,ABW,2019,107089
Aruba,ABW,2020,107411
Aruba,ABW,2021,107565
Aruba,ABW,2022,107792
Aruba,ABW,2023,107946
Asia,,2019,4651098712
Asia,,2020,4686811205
Asia,,2021,4716999175
Asia,,2022,4746329726
Asia,,2023,4776659632
Asia (UN),,2019,4652385277
Asia (UN),,2020,4688113349
Asia (UN),,2021,4718316356
Asia (UN),,2022,4747661012
Asia (UN),,2023,4778004495
Asia (excl. China and India),,2019,1770525184
Asia (excl. China and India),,2020,1788807936
Asia (excl. China and India),,2021,1806393856
Asia (excl. China and India),,2022,1822759552
Asia (excl. China and India),,2023,1839126400
Australia,AUS,2019,25482714
Australia,AUS,2020,25743787
Australia,AUS,2021,25956416
Australia,AUS,2022,26200987
Australia,AUS,2023,26451125
Austria,AUT,2019,8880875
Austria,AUT,2020,8921402
Austria,AUT,2021,8967053
Austria,AUT,2022,9064679
Austria,AUT,2023,9130434
Azerbaijan,AZE,2019,10110486
Azerbaijan,AZE,2020,10181736
Azerbaijan,AZE,2021,10234373
Azerbaijan,AZE,2022,10295307
Azerbaijan,AZE,2023,10318210
Bahamas,BHS,2019,394684
Bahamas,BHS,2020,395874
Bahamas,BHS,2021,396381
Bahamas,BHS,2022,397544
Bahamas,BHS,2023,399452
Bahrain,BHR,2019,1485675
Bahrain,BHR,2020,1483081
Bahrain,BHR,2021,1501762
Bahrain,BHR,2022,1533459
Bahrain,BHR,2023,1569674
Bangladesh,BGD,2019,164913060
Bangladesh,BGD,2020,166298024
Bangladesh,BGD,2021,167658855
Bangladesh,BGD,2022,169384890
Bangladesh,BGD,2023,171466986
Barbados,BRB,2019,281216
Barbados,BRB,2020,281705
Barbados,BRB,2021,282156
Barbados,BRB,2022,282324
Barbados,BRB,2023,282348
Belarus,BLR,2019,9435414
Belarus,BLR,2020,9350943
Belarus,BLR,2021,9251367
Belarus,BLR,2022,9173241
Belarus,BLR,2023,9115680
Belgium,BEL,2019,11490622
Belgium,BEL,2020,11540103
Belgium,BEL,2021,11570842
Belgium,BEL,2022,11641813
Belgium,BEL,2023,11712894
Belize,BLZ,2019,385833
Belize,BLZ,2020,390819
Belize,BLZ,2021,395356
Belize,BLZ,2022,402741
Belize,BLZ,2023,411115
Benin,BEN,2019,12726761
Benin,BEN,2020,13070170
Benin,BEN,2021,13413423
Benin,BEN,2022,13759507
Benin,BEN,2023,14111035
Bermuda,BMU,2019,64130
Bermuda,BMU,2020,64405
Bermuda,BMU,2021,64672
Bermuda,BMU,2022,64772
Bermuda,BMU,2023,64721
Bhutan,BTN,2019,764829
Bhutan,BTN,2020,770014
Bhutan,BTN,2021,775451
Bhutan,BTN,2022,780920
Bhutan,BTN,2023,786387
Bolivia,BOL,2019,11671386
Bolivia,BOL,2020,11816300
Bolivia,BOL,2021,11937369
Bolivia,BOL,2022,12077155
Bolivia,BOL,2023,12244161
Bonaire Sint Eustatius and Saba,BES,2019,25652
Bonaire Sint Eustatius and Saba,BES,2020,26475
Bonaire Sint Eustatius and Saba,BES,2021,27346
Bonaire Sint Eustatius and Saba,BES,2022,28654
Bonaire Sint Eustatius and Saba,BES,2023,29919
Bosnia and Herzegovina,BIH,2019,3345534
Bosnia and Herzegovina,BIH,2020,3299352
Bosnia and Herzegovina,BIH,2021,3244909
Bosnia and Herzegovina,BIH,2022,3204805
Bosnia and Herzegovina,BIH,2023,3185071
Botswana,BWA,2019,2332081
Botswana,BWA,2020,2365895
Botswana,BWA,2021,2401449
Botswana,BWA,2022,2439895
Botswana,BWA,2023,2480242
Brazil,BRA,2019,207455459
Brazil,BRA,2020,208660845
Brazil,BRA,2021,209550291
Brazil,BRA,2022,210306411
Brazil,BRA,2023,211140731
British Virgin Islands,VGB,2019,36423
British Virgin Islands,VGB,2020,37160
British Virgin Islands,VGB,2021,37833
British Virgin Islands,VGB,2022,38344
British Virgin Islands,VGB,2023,39008
Brunei,BRN,2019,442687
Brunei,BRN,2020,447412
Brunei,BRN,2021,451723
Brunei,BRN,2022,455374
Brunei,BRN,2023,458959
Bulgaria,BGR,2019,6975467
Bulgaria,BGR,2020,6933654
Bulgaria,BGR,2021,6877222
Bulgaria,BGR,2022,6825863
Bulgaria,BGR,2023,6795804
Burkina Faso,BFA,2019,20961954
Burkina Faso,BFA,2020,21478692
Burkina Faso,BFA,2021,21995249
Burkina Faso,BFA,2022,22509037
Burkina Faso,BFA,2023,23025778
Burundi,BDI,2019,12255339
Burundi,BDI,2020,12617042
Burundi,BDI,2021,12965487
Burundi,BDI,2022,13321101
Burundi,BDI,2023,13689455
Cambodia,KHM,2019,16481304
Cambodia,KHM,2020,16725482
Cambodia,KHM,2021,16974308
Cambodia,KHM,2022,17201717
Cambodia,KHM,2023,17423881
Cameroon,CMR,2019,25506096
Cameroon,CMR,2020,26210566
Cameroon,CMR,2021,26915764
Cameroon,CMR,2022,27632771
Cameroon,CMR,2023,28372688
Canada,CAN,2019,37782931
Canada,CAN,2020,38171901
Canada,CAN,2021,38454058
Canada,CAN,2022,38821260
Canada,CAN,2023,39299099
Cape Verde,CPV,2019,514116
Cape Verde,CPV,2020,514684
Cape Verde,CPV,2021,516655
Cape Verde,CPV,2022,519750
Cape Verde,CPV,2023,522335
Cayman Islands,CYM,2019,67346
Cayman Islands,CYM,2020,68701
Cayman Islands,CYM,2021,70126
Cayman Islands,CYM,2022,71609
Cayman Islands,CYM,2023,73055
Central African Republic,CAF,2019,4944707
Central African Republic,CAF,2020,5026629
Central African Republic,CAF,2021,5112102
Central African Republic,CAF,2022,5098038
Central African Republic,CAF,2023,5152417
Chad,TCD,2019,16685223
Chad,TCD,2020,17224685
Chad,TCD,2021,17828274
Chad,TCD,2022,18455319
Chad,TCD,2023,19319073
Chile,CHL,2019,19197747
Chile,CHL,2020,19370619
Chile,CHL,2021,19456323
Chile,CHL,2022,19553032
Chile,CHL,2023,19658834
China,CHN,2019,1423520354
China,CHN,2020,1426106083
China,CHN,2021,1426437276
China,CHN,2022,1425179562
China,CHN,2023,1422584937
Colombia,COL,2019,49907987
Colombia,COL,2020,50629997
Colombia,COL,2021,51188174
Colombia,COL,2022,51737944
Colombia,COL,2023,52321152
Comoros,COM,2019,786583
Comoros,COM,2020,802172
Comoros,COM,2021,818178
Comoros,COM,2022,834192
Comoros,COM,2023,850390
Congo,COG,2019,5616656
Congo,COG,2020,5752791
Congo,COG,2021,5892186
Congo,COG,2022,6035107
Congo,COG,2023,6182889
Cook Islands,COK,2019,16151
Cook Islands,COK,2020,15663
Cook Islands,COK,2021,15204
Cook Islands,COK,2022,14747
Cook Islands,COK,2023,14243
Costa Rica,CRI,2019,4999551
Costa Rica,CRI,2020,5034323
Costa Rica,CRI,2021,5059992
Costa Rica,CRI,2022,5081765
Costa Rica,CRI,2023,5105527
Cote d'Ivoire,CIV,2019,28193014
Cote d'Ivoire,CIV,2020,28915452
Cote d'Ivoire,CIV,2021,29639735
Cote d'Ivoire,CIV,2022,30395003
Cote d'Ivoire,CIV,2023,31165651
Croatia,HRV,2019,3986338
Croatia,HRV,2020,3953957
Croatia,HRV,2021,3924607
Croatia,HRV,2022,3907031
Croatia,HRV,2023,3896024
Cuba,CUB,2019,11202847
Cuba,CUB,2020,11176349
Cuba,CUB,2021,11122169
Cuba,CUB,2022,11059821
Cuba,CUB,2023,11019931
Curacao,CUW,2019,189556
Curacao,CUW,2020,185026
Curacao,CUW,2021,185324
Curacao,CUW,2022,185351
Curacao,CUW,2023,185437
Cyprus,CYP,2019,1286669
Cyprus,CYP,2020,1302250
Cyprus,CYP,2021,1317312
Cyprus,CYP,2022,1331376
Cyprus,CYP,2023,1344979
Czechia,CZE,2019,10554871
Czechia,CZE,2020,10550130
Czechia,CZE,2021,10530683
Czechia,CZE,2022,10673216
Czechia,CZE,2023,10809722
Democratic Republic of Congo,COD,2019,92947450
Democratic Republic of Congo,COD,2020,95989999
Democratic Republic of Congo,COD,2021,99148931
Democratic Republic of Congo,COD,2022,102396974
Democratic Republic of Congo,COD,2023,105789733
Denmark,DNK,2019,5814619
Denmark,DNK,2020,5831530
Denmark,DNK,2021,5856773
Denmark,DNK,2022,5902898
Denmark,DNK,2023,5948134
Djibouti,DJI,2019,1088708
Djibouti,DJI,2020,1105194
Djibouti,DJI,2021,1121251
Djibouti,DJI,2022,1137100
Djibouti,DJI,2023,1152951
Dominica,DMA,2019,67901
Dominica,DMA,2020,67589
Dominica,DMA,2021,67223
Dominica,DMA,2022,66850
Dominica,DMA,2023,66531
Dominican Republic,DOM,2019,10894043
Dominican Republic,DOM,2020,11008297
Dominican Republic,DOM,2021,11123480
Dominican Republic,DOM,2022,11230734
Dominican Republic,DOM,2023,11331268
East Timor,TLS,2019,1300943
East Timor,TLS,2020,1326051
East Timor,TLS,2021,1350142
East Timor,TLS,2022,1369299
East Timor,TLS,2023,1384292
Ecuador,ECU,2019,17340017
Ecuador,ECU,2020,17546058
Ecuador,ECU,2021,17682454
Ecuador,ECU,2022,17823900
Ecuador,ECU,2023,17980079
Egypt,EGY,2019,107553159
Egypt,EGY,2020,109315119
Egypt,EGY,2021,110957004
Egypt,EGY,2022,112618251
Egypt,EGY,2023,114535772
El Salvador,SLV,2019,6222316
El Salvador,SLV,2020,6234680
El Salvador,SLV,2021,6255781
El Salvador,SLV,2022,6280316
El Salvador,SLV,2023,6309628
Equatorial Guinea,GNQ,2019,1670184
Equatorial Guinea,GNQ,2020,1716479
Equatorial Guinea,GNQ,2021,1758796
Equatorial Guinea,GNQ,2022,1803550
Equatorial Guinea,GNQ,2023,1847556
Eritrea,ERI,2019,3240195
Eritrea,ERI,2020,3291277
Eritrea,ERI,2021,3350184
Eritrea,ERI,2022,3409452
Eritrea,ERI,2023,3470392
Estonia,EST,2019,1326821
Estonia,EST,2020,1329674
Estonia,EST,2021,1331750
Estonia,EST,2022,1350092
Estonia,EST,2023,1367194
Eswatini,SWZ,2019,1179885
Eswatini,SWZ,2020,1192733
Eswatini,SWZ,2021,1206599
Eswatini,SWZ,2022,1218921
Eswatini,SWZ,2023,1230508
Ethiopia,ETH,2019,115737385
Ethiopia,ETH,2020,118917671
Ethiopia,ETH,2021,122138590
Ethiopia,ETH,2022,125384285
Ethiopia,ETH,2023,128691696
Europe,,2019,750791010
Europe,,2020,750826495
Europe,,2021,749931027
Europe,,2022,748296158
Europe,,2023,746948103
Europe (UN),,2019,749504129
Europe (UN),,2020,749524039
Europe (UN),,2021,748613503
Europe (UN),,2022,746964589
Europe (UN),,2023,745602869
Europe (excl. Russia),,2019,605432320
Europe (excl. Russia),,2020,606921984
Europe (excl. Russia),,2021,607809728
Europe (excl. Russia),,2022,608696896
Europe (excl. Russia),,2023,609583296
European Union (27),,2019,447369197
European Union (27),,2020,447777527
European Union (27),,2021,447705923
European Union (27),,2022,449113453
European Union (27),,2023,450657571
Falkland Islands,FLK,2019,3541
Falkland Islands,FLK,2020,3537
Falkland Islands,FLK,2021,3524
Falkland Islands,FLK,2022,3515
Falkland Islands,FLK,2023,3498
Faroe Islands,FRO,2019,51868
Faroe Islands,FRO,2020,52615
Faroe Islands,FRO,2021,53324
Faroe Islands,FRO,2022,54039
Faroe Islands,FRO,2023,54738
Fiji,FJI,2019,914904
Fiji,FJI,2020,914970
Fiji,FJI,2021,916717
Fiji,FJI,2022,919428
Fiji,FJI,2023,924150
Finland,FIN,2019,5521755
Finland,FIN,2020,5529617
Finland,FIN,2021,5541068
Finland,FIN,2022,5569299
Finland,FIN,2023,5601185
France,FRA,2019,65729460
France,FRA,2020,65905273
France,FRA,2021,66083547
France,FRA,2022,66277412
France,FRA,2023,66438828
French Guiana,GUF,2019,285576
French Guiana,GUF,2020,289063
French Guiana,GUF,2021,293023
French Guiana,GUF,2022,298319
French Guiana,GUF,2023,303409
French Polynesia,PYF,2019,279039
French Polynesia,PYF,2020,279219
French Polynesia,PYF,2021,279807
French Polynesia,PYF,2022,280389
French Polynesia,PYF,2023,281124
Gabon,GAB,2019,2267710
Gabon,GAB,2020,2322536
Gabon,GAB,2021,2376728
Gabon,GAB,2022,2430752
Gabon,GAB,2023,2484790
Gambia,GMB,2019,2456847
Gambia,GMB,2020,2515744
Gambia,GMB,2021,2576014
Gambia,GMB,2022,2636473
Gambia,GMB,2023,2697848
Georgia,GEO,2019,3796721
Georgia,GEO,2020,3795680
Georgia,GEO,2021,3788450
Georgia,GEO,2022,3794783
Georgia,GEO,2023,3807494
Germany,DEU,2019,83559185
Germany,DEU,2020,83628711
Germany,DEU,2021,83697082
Germany,DEU,2022,84086228
Germany,DEU,2023,84548234
Ghana,GHA,2019,31258942
Ghana,GHA,2020,31887801
Ghana,GHA,2021,32518662
Ghana,GHA,2022,33149151
Ghana,GHA,2023,33787915
Gibraltar,GIB,2019,35518
Gibraltar,GIB,2020,36197
Gibraltar,GIB,2021,36880
Gibraltar,GIB,2022,37631
Gibraltar,GIB,2023,38493
Greece,GRC,2019,10718580
Greece,GRC,2020,10699370
Greece,GRC,2021,10579561
Greece,GRC,2022,10412481
Greece,GRC,2023,10242909
Greenland,GRL,2019,56108
Greenland,GRL,2020,56105
Greenland,GRL,2021,56065
Greenland,GRL,2022,56014
Greenland,GRL,2023,55951
Grenada,GRD,2019,115995
Grenada,GRD,2020,116353
Grenada,GRD,2021,116695
Grenada,GRD,2022,116928
Grenada,GRD,2023,117093
Guadeloupe,GLP,2019,410267
Guadeloupe,GLP,2020,407400
Guadeloupe,GLP,2021,399156
Guadeloupe,GLP,2022,384703
Guadeloupe,GLP,2023,376519
Guam,GUM,2019,161821
Guam,GUM,2020,162167
Guam,GUM,2021,163741
Guam,GUM,2022,165193
Guam,GUM,2023,166523
Guatemala,GTM,2019,17103802
Guatemala,GTM,2020,17357331
Guatemala,GTM,2021,17598654
Guatemala,GTM,2022,17847877
Guatemala,GTM,2023,18124842
Guernsey,GGY,2019,62807
Guernsey,GGY,2020,63128
Guernsey,GGY,2021,63436
Guernsey,GGY,2022,63748
Guernsey,GGY,2023,64042
Guinea,GIN,2019,13034349
Guinea,GIN,2020,13371187
Guinea,GIN,2021,13710516
Guinea,GIN,2022,14055137
Guinea,GIN,2023,14405469
Guinea-Bissau,GNB,2019,1967704
Guinea-Bissau,GNB,2020,2013259
Guinea-Bissau,GNB,2021,2058842
Guinea-Bissau,GNB,2022,2105537
Guinea-Bissau,GNB,2023,2153344
Guyana,GUY,2019,807667
Guyana,GUY,2020,807487
Guyana,GUY,2021,815484
Guyana,GUY,2022,821636
Guyana,GUY,2023,826360
Haiti,HTI,2019,11105164
Haiti,HTI,2020,11243847
Haiti,HTI,2021,11374592
Haiti,HTI,2022,11503604
Haiti,HTI,2023,11637402
High-income countries,,2019,1241335088
High-income countries,,2020,1245004614
High-income countries,,2021,1246789058
High-income countries,,2022,1252308750
High-income countries,,2023,1259131468
Honduras,HND,2019,9943637
Honduras,HND,2020,10119637
Honduras,HND,2021,10289882
Honduras,HND,2022,10463881
Honduras,HND,2023,10644855
Hong Kong,HKG,2019,7485816
Hong Kong,HKG,2020,7490240
Hong Kong,HKG,2021,7484604
Hong Kong,HKG,2022,7465914
Hong Kong,HKG,2023,7442738
Hungary,HUN,2019,9770346
Hungary,HUN,2020,9749460
Hungary,HUN,2021,9707848
Hungary,HUN,2022,9684306
Hungary,HUN,2023,9686463
Iceland,ISL,2019,360709
Iceland,ISL,2020,366626
Iceland,ISL,2021,372649
Iceland,ISL,2022,380368
Iceland,ISL,2023,387559
India,IND,2019,1389030303
India,IND,2020,1402617692
India,IND,2021,1414203889
India,IND,2022,1425423212
India,IND,2023,1438069597
Indonesia,IDN,2019,272489379
Indonesia,IDN,2020,274814864
Indonesia,IDN,2021,276758056
Indonesia,IDN,2022,278830529
Indonesia,IDN,2023,281190068
Iran,IRN,2019,87051647
Iran,IRN,2020,87723446
Iran,IRN,2021,88455491
Iran,IRN,2022,89524247
Iran,IRN,2023,90608708
Iraq,IRQ,2019,41192172
Iraq,IRQ,2020,42116604
Iraq,IRQ,2021,43071210
Iraq,IRQ,2022,44070556
Iraq,IRQ,2023,45074055
Ireland,IRL,2019,4933491
Ireland,IRL,2020,4982604
Ireland,IRL,2021,5028430
Ireland,IRL,2022,5110013
Ireland,IRL,2023,5196629
Isle of Man,IMN,2019,83973
Isle of Man,IMN,2020,84079
Isle of Man,IMN,2021,84121
Isle of Man,IMN,2022,84144
Isle of Man,IMN,2023,84180
Israel,ISR,2019,8657466
Israel,ISR,2020,8800379
Israel,ISR,2021,8942925
Israel,ISR,2022,9103144
Israel,ISR,2023,9256311
Italy,ITA,2019,60130136
Italy,ITA,2020,59912763
Italy,ITA,2021,59729354
Italy,ITA,2022,59619106
Italy,ITA,2023,59499452
Jamaica,JAM,2019,2823275
Jamaica,JAM,2020,2830746
Jamaica,JAM,2021,2837682
Jamaica,JAM,2022,2839151
Jamaica,JAM,2023,2839785
Japan,JPN,2019,126699422
Japan,JPN,2020,126304536
Japan,JPN,2021,125679341
Japan,JPN,2022,124997586
Japan,JPN,2023,124370947
Jersey,JEY,2019,102864
Jersey,JEY,2020,103138
Jersey,JEY,2021,103337
Jersey,JEY,2022,103493
Jersey,JEY,2023,103679
Jordan,JOR,2019,10671892
Jordan,JOR,2020,10865231
Jordan,JOR,2021,11066358
Jordan,JOR,2022,11256268
Jordan,JOR,2023,11439219
Kazakhstan,KAZ,2019,19209556
Kazakhstan,KAZ,2020,19482117
Kazakhstan,KAZ,2021,19743607
Kazakhstan,KAZ,2022,20034612
Kazakhstan,KAZ,2023,20330106
Kenya,KEN,2019,51202829
Kenya,KEN,2020,52217327
Kenya,KEN,2021,53219165
Kenya,KEN,2022,54252456
Kenya,KEN,2023,55339007
Kiribati,KIR,2019,123928
Kiribati,KIR,2020,126110
Kiribati,KIR,2021,128386
Kiribati,KIR,2022,130481
Kiribati,KIR,2023,132539
Kosovo,OWID_KOS,2019,1755048
Kosovo,OWID_KOS,2020,1751415
Kosovo,OWID_KOS,2021,1741449
Kosovo,OWID_KOS,2022,1717950
Kosovo,OWID_KOS,2023,1700039
Kuwait,KWT,2019,4442202
Kuwait,KWT,2020,4400146
Kuwait,KWT,2021,4360749
Kuwait,KWT,2022,4589514
Kuwait,KWT,2023,4838780
Kyrgyzstan,KGZ,2019,6494036
Kyrgyzstan,KGZ,2020,6664142
Kyrgyzstan,KGZ,2021,6820483
Kyrgyzstan,KGZ,2022,6955792
Kyrgyzstan,KGZ,2023,7073523
Laos,LAO,2019,7237634
Laos,LAO,2020,7346533
Laos,LAO,2021,7453191
Laos,LAO,2022,7559007
Laos,LAO,2023,7665002
Latin America and the Caribbean (UN),,2019,642195533
Latin America and the Caribbean (UN),,2020,646729386
Latin America and the Caribbean (UN),,2021,650465295
Latin America and the Caribbean (UN),,2022,654366789
Latin America and the Caribbean (UN),,2023,658891516
Latvia,LVA,2019,1914267
Latvia,LVA,2020,1901119
Latvia,LVA,2021,1885592
Latvia,LVA,2022,1881058
Latvia,LVA,2023,1882400
Lebanon,LBN,2019,5794600
Lebanon,LBN,2020,5702401
Lebanon,LBN,2021,5718127
Lebanon,LBN,2022,5744494
Lebanon,LBN,2023,5773492
Lesotho,LSO,2019,2209414
Lesotho,LSO,2020,2235727
Lesotho,LSO,2021,2261549
Lesotho,LSO,2022,2286112
Lesotho,LSO,2023,2311476
Liberia,LBR,2019,5043720
Liberia,LBR,2020,5149471
Liberia,LBR,2021,5259326
Liberia,LBR,2022,5373296
Liberia,LBR,2023,5493034
Libya,LBY,2019,6951038
Libya,LBY,2020,7045404
Libya,LBY,2021,7135180
Libya,LBY,2022,7223804
Libya,LBY,2023,7305660
Liechtenstein,LIE,2019,38462
Liechtenstein,LIE,2020,38793
Liechtenstein,LIE,2021,39062
Liechtenstein,LIE,2022,39336
Liechtenstein,LIE,2023,39621
Lithuania,LTU,2019,2795057
Lithuania,LTU,2020,2795766
Lithuania,LTU,2021,2794489
Lithuania,LTU,2022,2816922
Lithuania,LTU,2023,2854105
Low-income countries,,2019,660718421
Low-income countries,,2020,679560815
Low-income countries,,2021,698215270
Low-income countries,,2022,716865805
Low-income countries,,2023,736466460
Lower-middle-income countries,,2019,3101052697
Lower-middle-income countries,,2020,3141910276
Lower-middle-income countries,,2021,3180608875
Lower-middle-income countries,,2022,3216231214
Lower-middle-income countries,,2023,3253459279
Luxembourg,LUX,2019,620166
Luxembourg,LUX,2020,630597
Luxembourg,LUX,2021,640276
Luxembourg,LUX,2022,653316
Luxembourg,LUX,2023,665101
Macao,MAC,2019,670983
Macao,MAC,2020,683073
Macao,MAC,2021,694404
Macao,MAC,2022,704359
Macao,MAC,2023,713916
Madagascar,MDG,2019,28219558
Madagascar,MDG,2020,28953560
Madagascar,MDG,2021,29691087
Madagascar,MDG,2022,30437263
Madagascar,MDG,2023,31195936
Malawi,MWI,2019,19025748
Malawi,MWI,2020,19533886
Malawi,MWI,2021,20047263
Malawi,MWI,2022,20568731
Malawi,MWI,2023,21104480
Malaysia,MYS,2019,33440588
Malaysia,MYS,2020,33889555
Malaysia,MYS,2021,34282405
Malaysia,MYS,2022,34695494
Malaysia,MYS,2023,35126295
Maldives,MDV,2019,487737
Maldives,MDV,2020,502127
Maldives,MDV,2021,516162
Maldives,MDV,2022,524116
Maldives,MDV,2023,526009
Mali,MLI,2019,21068406
Mali,MLI,2020,21713839
Mali,MLI,2021,22388638
Mali,MLI,2022,23072639
Mali,MLI,2023,23769129
Malta,MLT,2019,504017
Malta,MLT,2020,518213
Malta,MLT,2021,524383
Malta,MLT,2022,528194
Malta,MLT,2023,532964
Marshall Islands,MHL,2019,44029
Marshall Islands,MHL,2020,42728
Marshall Islands,MHL,2021,41386
Marshall Islands,MHL,2022,40094
Marshall Islands,MHL,2023,38849
Martinique,MTQ,2019,359620
Martinique,MTQ,2020,356625
Martinique,MTQ,2021,353285
Martinique,MTQ,2022,349461
Martinique,MTQ,2023,346008
Mauritania,MRT,2019,4467714
Mauritania,MRT,2020,4600135
Mauritania,MRT,2021,4734875
Mauritania,MRT,2022,4875645
Mauritania,MRT,2023,5022440
Mauritius,MUS,2019,1286269
Mauritius,MUS,2020,1283230
Mauritius,MUS,2021,1279627
Mauritius,MUS,2022,1276134
Mauritius,MUS,2023,1273590
Mayotte,MYT,2019,274917
Mayotte,MYT,2020,284381
Mayotte,MYT,2021,294431
Mayotte,MYT,2022,305278
Mayotte,MYT,2023,316028
Mexico,MEX,2019,125762977
Mexico,MEX,2020,126799052
Mexico,MEX,2021,127648152
Mexico,MEX,2022,128613113
Mexico,MEX,2023,129739764
Micronesia (country),FSM,2019,110294
Micronesia (country),FSM,2020,110931
Micronesia (country),FSM,2021,111636
Micronesia (country),FSM,2022,112124
Micronesia (country),FSM,2023,112646
Moldova,MDA,2019,3112563
Moldova,MDA,2020,3069135
Moldova,MDA,2021,3023780
Moldova,MDA,2022,3039987
Moldova,MDA,2023,3067071
Monaco,MCO,2019,38131
Monaco,MCO,2020,38074
Monaco,MCO,2021,38548
Monaco,MCO,2022,38949
Monaco,MCO,2023,38978
Mongolia,MNG,2019,3232119
Mongolia,MNG,2020,3290788
Mongolia,MNG,2021,3339678
Mongolia,MNG,2022,3386015
Mongolia,MNG,2023,3431939
Montenegro,MNE,2019,611673
Montenegro,MNE,2020,607936
Montenegro,MNE,2021,603854
Montenegro,MNE,2022,614650
Montenegro,MNE,2023,633557
Montserrat,MSR,2019,4564
Montserrat,MSR,2020,4532
Montserrat,MSR,2021,4505
Montserrat,MSR,2022,4476
Montserrat,MSR,2023,4440
Morocco,MAR,2019,36210907
Morocco,MAR,2020,36584208
Morocco,MAR,2021,36954442
Morocco,MAR,2022,37329069
Morocco,MAR,2023,37712517
Mozambique,MOZ,2019,29884376
Mozambique,MOZ,2020,30783685
Mozambique,MOZ,2021,31707797
Mozambique,MOZ,2022,32656240
Mozambique,MOZ,2023,33635165
Myanmar,MMR,2019,52640718
Myanmar,MMR,2020,53016525
Myanmar,MMR,2021,53387102
Myanmar,MMR,2022,53756790
Myanmar,MMR,2023,54133801
Namibia,NAM,2019,2650500
Namibia,NAM,2020,2728763
Namibia,NAM,2021,2810553
Namibia,NAM,2022,2889668
Namibia,NAM,2023,2963101
Nauru,NRU,2019,11609
Nauru,NRU,2020,11665
Nauru,NRU,2021,11726
Nauru,NRU,2022,11821
Nauru,NRU,2023,11900
Nepal,NPL,2019,28414066
Nepal,NPL,2020,28966582
Nepal,NPL,2021,29475018
Nepal,NPL,2022,29715434
Nepal,NPL,2023,29694614
Netherlands,NLD,2019,17537506
Netherlands,NLD,2020,17636732
Netherlands,NLD,2021,17730564
Netherlands,NLD,2022,17904422
Netherlands,NLD,2023,18092525
New Caledonia,NCL,2019,283617
New Caledonia,NCL,2020,284186
New Caledonia,NCL,2021,285226
New Caledonia,NCL,2022,287131
New Caledonia,NCL,2023,289880
New Zealand,NZL,2019,4989412
New Zealand,NZL,2020,5069893
New Zealand,NZL,2021,5107696
New Zealand,NZL,2022,5131733
New Zealand,NZL,2023,5172839
Nicaragua,NIC,2019,6483660
Nicaragua,NIC,2020,6565267
Nicaragua,NIC,2021,6644745
Nicaragua,NIC,2022,6730661
Nicaragua,NIC,2023,6823618
Niger,NER,2019,22947765
Niger,NER,2020,23717614
Niger,NER,2021,24502144
Niger,NER,2022,25311977
Niger,NER,2023,26159862
Nigeria,NGA,2019,209485636
Nigeria,NGA,2020,213996186
Nigeria,NGA,2021,218529285
Nigeria,NGA,2022,223150906
Nigeria,NGA,2023,227882949
Niue,NIU,2019,1814
Niue,NIU,2020,1822
Niue,NIU,2021,1836
Niue,NIU,2022,1844
Niue,NIU,2023,1841
North America,,2019,594346833
North America,,2020,598250660
North America,,2021,600876352
North America,,2022,604356251
North America,,2023,608770557
North Korea,PRK,2019,26037633
North Korea,PRK,2020,26136313
North Korea,PRK,2021,26232531
North Korea,PRK,2022,26328842
North Korea,PRK,2023,26418196
North Macedonia,MKD,2019,1897643
North Macedonia,MKD,2020,1872021
North Macedonia,MKD,2021,1851109
North Macedonia,MKD,2022,1840236
North Macedonia,MKD,2023,1831800
Northern America (UN),,2019,375699069
Northern America (UN),,2020,377734350
Northern America (UN),,2021,378741971
Northern America (UN),,2022,380481767
Northern America (UN),,2023,382902740
Northern Mariana Islands,MNP,2019,48154
Northern Mariana Islands,MNP,2020,47557
Northern Mariana Islands,MNP,2021,47003
Northern Mariana Islands,MNP,2022,46101
Northern Mariana Islands,MNP,2023,45165
Norway,NOR,2019,5347735
Norway,NOR,2020,5379274
Norway,NOR,2021,5408081
Norway,NOR,2022,5456795
Norway,NOR,2023,5519166
Oceania,,2019,43504533
Oceania,,2020,44079302
Oceania,,2021,44558538
Oceania,,2022,45049682
Oceania,,2023,45563133
Oceania (UN),,2019,43504185
Oceania (UN),,2020,44078974
Oceania (UN),,2021,44558212
Oceania (UN),,2022,45049350
Oceania (UN),,2023,45562792
Oman,OMN,2019,4591247
Oman,OMN,2020,4522503
Oman,OMN,2021,4500427
Oman,OMN,2022,4730227
Oman,OMN,2023,5049268
Pakistan,PAK,2019,230800909
Pakistan,PAK,2020,235001743
Pakistan,PAK,2021,239477805
Pakistan,PAK,2022,243700667
Pakistan,PAK,2023,247504504
Palau,PLW,2019,17820
Palau,PLW,2020,17817
Palau,PLW,2021,17809
Palau,PLW,2022,17784
Palau,PLW,2023,17750
Palestine,PSE,2019,4957774
Palestine,PSE,2020,5069691
Palestine,PSE,2021,5185341
Palestine,PSE,2022,5305274
Palestine,PSE,2023,5409201
Panama,PAN,2019,4234699
Panama,PAN,2020,4293258
Panama,PAN,2021,4345410
Panama,PAN,2022,4400772
Panama,PAN,2023,4458759
Papua New Guinea,PNG,2019,9609014
Papua New Guinea,PNG,2020,9815741
Papua New Guinea,PNG,2021,10012899
Papua New Guinea,PNG,2022,10203176
Papua New Guinea,PNG,2023,10389638
Paraguay,PRY,2019,6515060
Paraguay,PRY,2020,6603742
Paraguay,PRY,2021,6684184
Paraguay,PRY,2022,6760461
Paraguay,PRY,2023,6844152
Peru,PER,2019,32449301
Peru,PER,2020,32838576
Peru,PER,2021,33155883
Peru,PER,2022,33475435
Peru,PER,2023,33845617
Philippines,PHL,2019,110804685
Philippines,PHL,2020,112081271
Philippines,PHL,2021,113100946
Philippines,PHL,2022,113964342
Philippines,PHL,2023,114891200
Poland,POL,2019,38225884
Poland,POL,2020,38171005
Poland,POL,2021,38040304
Poland,POL,2022,38385734
Poland,POL,2023,38762847
Portugal,PRT,2019,10343218
Portugal,PRT,2020,10370519
Portugal,PRT,2021,10390956
Portugal,PRT,2022,10417075
Portugal,PRT,2023,10430735
Puerto Rico,PRI,2019,3288026
Puerto Rico,PRI,2020,3275801
Puerto Rico,PRI,2021,3253210
Puerto Rico,PRI,2022,3240971
Puerto Rico,PRI,2023,3242023
Qatar,QAT,2019,2797927
Qatar,QAT,2020,2803373
Qatar,QAT,2021,2814989
Qatar,QAT,2022,2892465
Qatar,QAT,2023,2979087
Reunion,REU,2019,857327
Reunion,REU,2020,861452
Reunion,REU,2021,868084
Reunion,REU,2022,871542
Reunion,REU,2023,874883
Romania,ROU,2019,19501543
Romania,ROU,2020,19392469
Romania,ROU,2021,19248159
Romania,ROU,2022,19166776
Romania,ROU,2023,19118481
Russia,RUS,2019,146533063
Russia,RUS,2020,146371293
Russia,RUS,2021,145836172
Russia,RUS,2022,145579890
Russia,RUS,2023,145440504
Rwanda,RWA,2019,12776104
Rwanda,RWA,2020,13065839
Rwanda,RWA,2021,13355260
Rwanda,RWA,2022,13651026
Rwanda,RWA,2023,13954474
Saint Barthelemy,BLM,2019,10325
Saint Barthelemy,BLM,2020,10566
Saint Barthelemy,BLM,2021,10790
Saint Barthelemy,BLM,2022,10948
Saint Barthelemy,BLM,2023,11112
Saint Helena,SHN,2019,5485
Saint Helena,SHN,2020,5451
Saint Helena,SHN,2021,5415
Saint Helena,SHN,2022,5369
Saint Helena,SHN,2023,5316
Saint Kitts and Nevis,KNA,2019,46974
Saint Kitts and Nevis,KNA,2020,46896
Saint Kitts and Nevis,KNA,2021,46786
Saint Kitts and Nevis,KNA,2022,46731
Saint Kitts and Nevis,KNA,2023,46783
Saint Lucia,LCA,2019,177674
Saint Lucia,LCA,2020,178261
Saint Lucia,LCA,2021,178540
Saint Lucia,LCA,2022,178794
Saint Lucia,LCA,2023,179293
Saint Martin (French part),MAF,2019,34289
Saint Martin (French part),MAF,2020,31811
Saint Martin (French part),MAF,2021,29986
Saint Martin (French part),MAF,2022,28898
Saint Martin (French part),MAF,2023,27545
Saint Pierre and Miquelon,SPM,2019,5899
Saint Pierre and Miquelon,SPM,2020,5852
Saint Pierre and Miquelon,SPM,2021,5802
Saint Pierre and Miquelon,SPM,2022,5760
Saint Pierre and Miquelon,SPM,2023,5707
Saint Vincent and the Grenadines,VCT,2019,104182
Saint Vincent and the Grenadines,VCT,2020,103540
Saint Vincent and the Grenadines,VCT,2021,102848
Saint Vincent and the Grenadines,VCT,2022,102062
Saint Vincent and the Grenadines,VCT,2023,101331
Samoa,WSM,2019,209793
Samoa,WSM,2020,211958
Samoa,WSM,2021,213792
Samoa,WSM,2022,215269
Samoa,WSM,2023,216674
San Marino,SMR,2019,34674
San Marino,SMR,2020,34796
San Marino,SMR,2021,34599
San Marino,SMR,2022,34113
San Marino,SMR,2023,33761
Sao Tome and Principe,STP,2019,213404
Sao Tome and Principe,STP,2020,217449
Sao Tome and Principe,STP,2021,221975
Sao Tome and Principe,STP,2022,226313
Sao Tome and Principe,STP,2023,230881
Saudi Arabia,SAU,2019,30472810
Saudi Arabia,SAU,2020,30991205
Saudi Arabia,SAU,2021,31328374
Saudi Arabia,SAU,2022,32175352
Saudi Arabia,SAU,2023,33264288
Senegal,SEN,2019,16352926
Senegal,SEN,2020,16789215
Senegal,SEN,2021,17220866
Senegal,SEN,2022,17651099
Senegal,SEN,2023,18077573
Serbia,SRB,2019,6966154
Serbia,SRB,2020,6907817
Serbia,SRB,2021,6835434
Serbia,SRB,2022,6791218
Serbia,SRB,2023,6773203
Seychelles,SYC,2019,117662
Seychelles,SYC,2020,120299
Seychelles,SYC,2021,123000
Seychelles,SYC,2022,125532
Seychelles,SYC,2023,127961
Sierra Leone,SLE,2019,7731995
Sierra Leone,SLE,2020,7912558
Sierra Leone,SLE,2021,8094603
Sierra Leone,SLE,2022,8276808
Sierra Leone,SLE,2023,8460523
Singapore,SGP,2019,5669562
Singapore,SGP,2020,5620150
Singapore,SGP,2021,5546292
Singapore,SGP,2022,5649886
Singapore,SGP,2023,5789091
Sint Maarten (Dutch part),SXM,2019,40410
Sint Maarten (Dutch part),SXM,2020,41026
Sint Maarten (Dutch part),SXM,2021,41590
Sint Maarten (Dutch part),SXM,2022,42163
Sint Maarten (Dutch part),SXM,2023,42775
Slovakia,SVK,2019,5450626
Slovakia,SVK,2020,5455028
Slovakia,SVK,2021,5442767
Slovakia,SVK,2022,5473194
Slovakia,SVK,2023,5518057
Slovenia,SVN,2019,2083436
Slovenia,SVN,2020,2102419
Slovenia,SVN,2021,2113495
Slovenia,SVN,2022,2115230
Slovenia,SVN,2023,2118395
Solomon Islands,SLB,2019,728156
Solomon Islands,SLB,2020,744507
Solomon Islands,SLB,2021,762594
Solomon Islands,SLB,2022,781075
Solomon Islands,SLB,2023,800013
Somalia,SOM,2019,16030969
Somalia,SOM,2020,16651200
Somalia,SOM,2021,17271435
Somalia,SOM,2022,17801893
Somalia,SOM,2023,18358621
South Africa,ZAF,2019,59587880
South Africa,ZAF,2020,60562374
South Africa,ZAF,2021,61502601
South Africa,ZAF,2022,62378419
South Africa,ZAF,2023,63212386
South America,,2019,423548289
South America,,2020,426213551
South America,,2021,428331420
South America,,2022,430492814
South America,,2023,433024230
South America (excl. Brazil),,2019,217030880
South America (excl. Brazil),,2020,219176224
South America (excl. Brazil),,2021,220974576
South America (excl. Brazil),,2022,222772928
South America (excl. Brazil),,2023,224571280
South Korea,KOR,2019,51767843
South Korea,KOR,2020,51858480
South Korea,KOR,2021,51848401
South Korea,KOR,2022,51782514
South Korea,KOR,2023,51748744
South Sudan,SSD,2019,10423382
South Sudan,SSD,2020,10698470
South Sudan,SSD,2021,10865786
South Sudan,SSD,2022,11021175
South Sudan,SSD,2023,11483373
Spain,ESP,2019,47435120
Spain,ESP,2020,47679482
Spain,ESP,2021,47735670
Spain,ESP,2022,47828386
Spain,ESP,2023,47911583
Sri Lanka,LKA,2019,22410552
Sri Lanka,LKA,2020,22561807
Sri Lanka,LKA,2021,22700377
Sri Lanka,LKA,2022,22834964
Sri Lanka,LKA,2023,22971616
Sudan,SDN,2019,45548178
Sudan,SDN,2020,46789237
Sudan,SDN,2021,48066927
Sudan,SDN,2022,49383343
Sudan,SDN,2023,50042799
Suriname,SUR,2019,605780
Suriname,SUR,2020,612322
Suriname,SUR,2021,617905
Suriname,SUR,2022,623173
Suriname,SUR,2023,628892
Svalbard and Jan Mayen,SJM,2019,2400
Svalbard and Jan Mayen,SJM,2020,2400
Svalbard and Jan Mayen,SJM,2021,2400
Svalbard and Jan Mayen,SJM,2022,2400
Svalbard and Jan Mayen,SJM,2023,2400
Sweden,SWE,2019,10279122
Sweden,SWE,2020,10353680
Sweden,SWE,2021,10416136
Sweden,SWE,2022,10487333
Sweden,SWE,2023,10551493
Switzerland,CHE,2019,8577526
Switzerland,CHE,2020,8640582
Switzerland,CHE,2021,8707018
Switzerland,CHE,2022,8792180
Switzerland,CHE,2023,8870564
Syria,SYR,2019,20353536
Syria,SYR,2020,21049428
Syria,SYR,2021,21628840
Syria,SYR,2022,22462170
Syria,SYR,2023,23594622
Taiwan,TWN,2019,23674137
Taiwan,TWN,2020,23663460
Taiwan,TWN,2021,23558330
Taiwan,TWN,2022,23420107
Taiwan,TWN,2023,23317145
Tajikistan,TJK,2019,9529971
Tajikistan,TJK,2020,9749310
Tajikistan,TJK,2021,9966912
Tajikistan,TJK,2022,10182229
Tajikistan,TJK,2023,10389808
Tanzania,TZA,2019,59174889
Tanzania,TZA,2020,60972801
Tanzania,TZA,2021,62830413
Tanzania,TZA,2022,64711821
Tanzania,TZA,2023,66617607
Thailand,THA,2019,71522265
Thailand,THA,2020,71641484
Thailand,THA,2021,71727340
Thailand,THA,2022,71735320
Thailand,THA,2023,71702438
Togo,TGO,2019,8463068
Togo,TGO,2020,8669722
Togo,TGO,2021,8878384
Togo,TGO,2022,9089742
Togo,TGO,2023,9304344
Tokelau,TKL,2019,2038
Tokelau,TKL,2020,2152
Tokelau,TKL,2021,2225
Tokelau,TKL,2022,2312
Tokelau,TKL,2023,2424
Tonga,TON,2019,105688
Tonga,TON,2020,105719
Tonga,TON,2021,105504
Tonga,TON,2022,105053
Tonga,TON,2023,104614
Trinidad and Tobago,TTO,2019,1484898
Trinidad and Tobago,TTO,2020,1481026
Trinidad and Tobago,TTO,2021,1487715
Trinidad and Tobago,TTO,2022,1495922
Trinidad and Tobago,TTO,2023,1502936
Tunisia,TUN,2019,11875085
Tunisia,TUN,2020,11974058
Tunisia,TUN,2021,12048625
Tunisia,TUN,2022,12119336
Tunisia,TUN,2023,12200434
Turkey,TUR,2019,85357671
Turkey,TUR,2020,86091691
Turkey,TUR,2021,86686255
Turkey,TUR,2022,87058470
Turkey,TUR,2023,87270503
Turkmenistan,TKM,2019,6803942
Turkmenistan,TKM,2020,6949915
Turkmenistan,TKM,2021,7092041
Turkmenistan,TKM,2022,7230198
Turkmenistan,TKM,2023,7364437
Turks and Caicos Islands,TCA,2019,43190
Turks and Caicos Islands,TCA,2020,44404
Turks and Caicos Islands,TCA,2021,45260
Turks and Caicos Islands,TCA,2022,45869
Turks and Caicos Islands,TCA,2023,46219
Tuvalu,TUV,2019,10603
Tuvalu,TUV,2020,10423
Tuvalu,TUV,2021,10214
Tuvalu,TUV,2022,10012
Tuvalu,TUV,2023,9837
Uganda,UGA,2019,42999636
Uganda,UGA,2020,44457149
Uganda,UGA,2021,45910932
Uganda,UGA,2022,47312718
Uganda,UGA,2023,48656604
Ukraine,UKR,2019,44957450
Ukraine,UKR,2020,44680009
Ukraine,UKR,2021,44298641
Ukraine,UKR,2022,41048767
Ukraine,UKR,2023,37732832
United Arab Emirates,ARE,2019,9377855
United Arab Emirates,ARE,2020,9448529
United Arab Emirates,ARE,2021,9789054
United Arab Emirates,ARE,2022,10242085
United Arab Emirates,ARE,2023,10642089
United Kingdom,GBR,2019,67110958
United Kingdom,GBR,2020,67351860
United Kingdom,GBR,2021,67668789
United Kingdom,GBR,2022,68179315
United Kingdom,GBR,2023,68682965
United States,USA,2019,337790068
United States,USA,2020,339436157
United States,USA,2021,340161441
United States,USA,2022,341534041
United States,USA,2023,343477332
United States Virgin Islands,VIR,2019,89390
United States Virgin Islands,VIR,2020,87724
United States Virgin Islands,VIR,2021,87238
United States Virgin Islands,VIR,2022,86521
United States Virgin Islands,VIR,2023,85712
Upper-middle-income countries,,2019,2805469377
Upper-middle-income countries,,2020,2817793595
Upper-middle-income countries,,2021,2826094366
Upper-middle-income countries,,2022,2833258826
Upper-middle-income countries,,2023,2839926083
Uruguay,URY,2019,3397205
Uruguay,URY,2020,3398967
Uruguay,URY,2021,3396692
Uruguay,URY,2022,3390913
Uruguay,URY,2023,3388083
Uzbekistan,UZB,2019,32964702
Uzbekistan,UZB,2020,33586372
Uzbekistan,UZB,2021,34243696
Uzbekistan,UZB,2022,34938955
Uzbekistan,UZB,2023,35652309
Vanuatu,VUT,2019,291994
Vanuatu,VUT,2020,298868
Vanuatu,VUT,2021,305883
Vanuatu,VUT,2022,313062
Vanuatu,VUT,2023,320422
Vatican,VAT,2019,543
Vatican,VAT,2020,536
Vatican,VAT,2021,527
Vatican,VAT,2022,513
Vatican,VAT,2023,501
Venezuela,VEN,2019,28938095
Venezuela,VEN,2020,28444078
Venezuela,VEN,2021,28237831
Venezuela,VEN,2022,28213016
Venezuela,VEN,2023,28300860
Vietnam,VNM,2019,97173778
Vietnam,VNM,2020,98079196
Vietnam,VNM,2021,98935101
Vietnam,VNM,2022,99680656
Vietnam,VNM,2023,100352189
Wallis and Futuna,WLF,2019,11711
Wallis and Futuna,WLF,2020,11640
Wallis and Futuna,WLF,2021,11590
Wallis and Futuna,WLF,2022,11501
Wallis and Futuna,WLF,2023,11394
Western Sahara,ESH,2019,538452
Western Sahara,ESH,2020,549372
Western Sahara,ESH,2021,558625
Western Sahara,ESH,2022,568746
Western Sahara,ESH,2023,579735
World,OWID_WRL,2019,7811293714
World,OWID_WRL,2020,7887001284
World,OWID_WRL,2021,7954448405
World,OWID_WRL,2022,8021407170
World,OWID_WRL,2023,8091734935
Yemen,YEM,2019,35111417
Yemen,YEM,2020,36134868
Yemen,YEM,2021,37140233
Yemen,YEM,2022,38222880
Yemen,YEM,2023,39390800
Zambia,ZMB,2019,18513841
Zambia,ZMB,2020,19059395
Zambia,ZMB,2021,19603610
Zambia,ZMB,2022,20152934
Zambia,ZMB,2023,20723968
Zimbabwe,ZWE,2019,15271377
Zimbabwe,ZWE,2020,15526888
Zimbabwe,ZWE,2021,15797220
Zimbabwe,ZWE,2022,16069061
Zimbabwe,ZWE,2023,16340829